"project_id","deployment_id","placename","longitude","latitude","start_date","end_date","event","array_name","bait_type","bait_description","feature_type","feature_type_methodology","camera_id","quiet_period","camera_functioning","sensor_height","height_other","sensor_orientation","orientation_other","recorded_by"
"CTCAJ","CTCAJ013743","CTCAJ01","-77.256113","3.536113","10/22/14 0:00","12/8/14 0:00","","","None","","None","","CAJ01","","Camera Functioning","Knee height","","Parallel","","Angélica Díaz-Pulido"
"CTCAJ","CTCAJ023749","CTCAJ02","-77.247525","3.536315","10/22/14 0:00","12/8/14 0:00","","","None","","None","","CAJ02","","Camera Functioning","Knee height","","Parallel","","Angélica Díaz-Pulido"
"CTCAJ","CTCAJ033779","CTCAJ03","-77.262527","3.529033","10/22/14 0:00","12/8/14 0:00","","","None","","None","","CAJ03","","Camera Functioning","Knee height","","Parallel","","Angélica Díaz-Pulido"
"CTCAJ","CTCAJ043772","CTCAJ04","-77.263896","3.541175","10/23/14 0:00","12/8/14 0:00","","","None","","None","","CAJ04","","Camera Functioning","Knee height","","Parallel","","Angélica Díaz-Pulido"
"CTCAJ","CTCAJ053782","CTCAJ05","-77.252343","3.526541","10/26/14 0:00","12/8/14 0:00","","","None","","None","","CAJ05","","Camera Functioning","Knee height","","Parallel","","Angélica Díaz-Pulido"
"CTCAJ","CTCAJ063750","CTCAJ06","-77.251785","3.508987","10/23/14 0:00","12/8/14 0:00","","","None","","None","","CAJ06","","Camera Functioning","Knee height","","Parallel","","Angélica Díaz-Pulido"
"CTCAJ","CTCAJ073781","CTCAJ07","-77.244478","3.502379","10/25/14 0:00","12/8/14 0:00","","","None","","None","","CAJ07","","Camera Functioning","Knee height","","Parallel","","Angélica Díaz-Pulido"
"CTCAJ","CTCAJ083775","CTCAJ08","-77.265687","3.517793","10/24/14 0:00","12/8/14 0:00","","","None","","None","","CAJ08","","Camera Functioning","Knee height","","Parallel","","Angélica Díaz-Pulido"
"CTCAJ","CTCAJ093776","CTCAJ09","-77.266945","3.507583","10/24/14 0:00","12/6/14 0:00","","","None","","None","","CAJ09","","Camera Functioning","Knee height","","Parallel","","Angélica Díaz-Pulido"
"CTCAJ","CTCAJ103744","CTCAJ10","-77.272572","3.526149","10/24/14 0:00","12/4/14 0:00","","","None","","None","","CAJ10","","Camera Functioning","Knee height","","Parallel","","Angélica Díaz-Pulido"
"CTCAJ","CTCAJ113742","CTCAJ11","-77.259019","3.502055","10/25/14 0:00","12/12/14 0:00","","","None","","None","","CAJ11","","Camera Functioning","Knee height","","Parallel","","Angélica Díaz-Pulido"
"CTCAJ","CTCAJ123777","CTCAJ12","-77.268014","3.495466","10/24/14 0:00","12/8/14 0:00","","","None","","None","","CAJ12","","Camera Functioning","Knee height","","Parallel","","Angélica Díaz-Pulido"
"CTCAJ","CTCAJ133746","CTCAJ13","-77.264586","3.487085","10/26/14 0:00","12/8/14 0:00","","","None","","None","","CAJ13","","Camera Functioning","Knee height","","Parallel","","Angélica Díaz-Pulido"
"CTCAJ","CTCAJ143747","CTCAJ14","-77.264586","3.487085","10/24/14 0:00","12/8/14 0:00","","","None","","None","","CAJ14","","Camera Functioning","Knee height","","Parallel","","Angélica Díaz-Pulido"
"CTCAJ","CTCAJ143748","CTCAJ14","-77.277436","3.495577","10/24/14 0:00","12/8/14 0:00","","","None","","None","","CAJ14","","Camera Functioning","Knee height","","Parallel","","Angélica Díaz-Pulido"
"CTCAJ","CTCAJ153745","CTCAJ15","-77.253235","3.496230","10/27/14 0:00","12/8/14 0:00","","","None","","None","","CAJ15","","Camera Functioning","Knee height","","Parallel","","Angélica Díaz-Pulido"
"CTCAJ","CTCAJ163747","CTCAJ16","-77.266820","3.549598","10/25/14 0:00","12/8/14 0:00","","","None","","None","","CAJ16","","Camera Functioning","Knee height","","Parallel","","Angélica Díaz-Pulido"
"CTCAJ","CTCAJ183778","CTCAJ18","-77.240829","3.522902","10/25/14 0:00","12/8/14 0:00","","","None","","None","","CAJ18","","Camera Functioning","Knee height","","Parallel","","Angélica Díaz-Pulido"
"CTCAJ","CTCAJ193741","CTCAJ19","-77.232767","3.518382","10/25/14 0:00","12/8/14 0:00","","","None","","None","","CAJ19","","Camera Functioning","Knee height","","Parallel","","Angélica Díaz-Pulido"
"CTPP","CTPP013741","CTPP01","-76.861978","5.117167","8/25/14 0:00","10/5/14 0:00","","","None","","None","","PP01","","Camera Functioning","Knee height","","Parallel","","Angélica Díaz-Pulido"
"CTPP","CTPP023775","CTPP02","-76.869395","5.111096","8/25/14 0:00","10/5/14 0:00","","","None","","None","","PP02","","Camera Functioning","Knee height","","Parallel","","Angélica Díaz-Pulido"
"CTPP","CTPP033778","CTPP03","-76.876613","5.116177","8/27/14 0:00","10/4/14 0:00","","","None","","None","","PP03","","Camera Functioning","Knee height","","Parallel","","Angélica Díaz-Pulido"
"CTPP","CTPP043742","CTPP04","-76.883974","5.111863","8/27/14 0:00","10/4/14 0:00","","","None","","None","","PP04","","Camera Functioning","Knee height","","Parallel","","Angélica Díaz-Pulido"
"CTPP","CTPP053783","CTPP05","-76.882192","5.105230","8/27/14 0:00","10/3/14 0:00","","","None","","None","","PP05","","Camera Functioning","Knee height","","Parallel","","Angélica Díaz-Pulido"
"CTPP","CTPP063748","CTPP06","-76.883347","5.120898","8/28/14 0:00","10/4/14 0:00","","","None","","None","","PP06","","Camera Functioning","Knee height","","Parallel","","Angélica Díaz-Pulido"
"CTPP","CTPP073782","CTPP07","-76.889840","5.126809","8/29/14 0:00","10/4/14 0:00","","","None","","None","","PP07","","Camera Functioning","Knee height","","Parallel","","Angélica Díaz-Pulido"
"CTPP","CTPP083779","CTPP08","-76.890570","5.133429","8/28/14 0:00","10/4/14 0:00","","","None","","None","","PP08","","Camera Functioning","Knee height","","Parallel","","Angélica Díaz-Pulido"
"CTPP","CTPP093776","CTPP09","-76.882864","5.131016","8/28/14 0:00","10/4/14 0:00","","","None","","None","","PP09","","Camera Functioning","Knee height","","Parallel","","Angélica Díaz-Pulido"
"CTPP","CTPP103780","CTPP10","-76.874056","5.133089","8/28/14 0:00","10/4/14 0:00","","","None","","None","","PP10","","Camera Functioning","Knee height","","Parallel","","Angélica Díaz-Pulido"
"CTPP","CTPP113750","CTPP11","-76.867421","5.123602","8/29/14 0:00","10/4/14 0:00","","","None","","None","","PP11","","Camera Functioning","Knee height","","Parallel","","Angélica Díaz-Pulido"
"CTPP","CTPP123745","CTPP12","-76.859618","5.126395","8/29/14 0:00","10/3/14 0:00","","","None","","None","","PP12","","Camera Functioning","Knee height","","Parallel","","Angélica Díaz-Pulido"
"CTPP","CTPP133749","CTPP13","-76.875413","5.122639","8/29/14 0:00","10/4/14 0:00","","","None","","None","","PP13","","Camera Functioning","Knee height","","Parallel","","Angélica Díaz-Pulido"
"CTPP","CTPP143746","CTPP14","-76.891361","5.075832","8/30/14 0:00","9/30/14 0:00","","","None","","None","","PP14","","Camera Functioning","Knee height","","Parallel","","Angélica Díaz-Pulido"
"CTPP","CTPP153777","CTPP15","-76.886396","5.083019","8/30/14 0:00","10/5/14 0:00","","","None","","None","","PP15","","Camera Functioning","Knee height","","Parallel","","Angélica Díaz-Pulido"
"CTPP","CTPP163743","CTPP16","-76.877058","5.084236","8/30/14 0:00","10/5/14 0:00","","","None","","None","","PP16","","Camera Functioning","Knee height","","Parallel","","Angélica Díaz-Pulido"
"CTPP","CTPP173772","CTPP17","-76.872446","5.093354","8/30/14 0:00","10/5/14 0:00","","","None","","None","","PP17","","Camera Functioning","Knee height","","Parallel","","Angélica Díaz-Pulido"
"CTPP","CTPP183781","CTPP18","-76.862679","5.093936","8/30/14 0:00","10/5/14 0:00","","","None","","None","","PP18","","Camera Functioning","Knee height","","Parallel","","Angélica Díaz-Pulido"
"CTPP","CTPP193747","CTPP19","-76.863113","5.102691","8/30/14 0:00","10/5/14 0:00","","","None","","None","","PP19","","Camera Functioning","Knee height","","Parallel","","Angélica Díaz-Pulido"
"CTPP","CTPP203744","CTPP20","-76.862433","5.108937","8/30/14 0:00","10/5/14 0:00","","","None","","None","","PP20","","Camera Functioning","Knee height","","Parallel","","Angélica Díaz-Pulido"
"CTBM","CTBM0013779","CTBM001","-77.170962","3.932771","7/1/14 0:00","8/7/14 0:00","","","None","","None","","BM001","","Camera Functioning","Knee height","","Parallel","","Angélica Díaz-Pulido"
"CTBM","CTBM0023783","CTBM002","-77.164290","3.926344","7/1/14 0:00","8/7/14 0:00","","","None","","None","","BM002","","Camera Functioning","Knee height","","Parallel","","Angélica Díaz-Pulido"
"CTBM","CTBM0033781","CTBM003","-77.159098","3.921581","7/1/14 0:00","8/7/14 0:00","","","None","","None","","BM003","","Camera Functioning","Knee height","","Parallel","","Angélica Díaz-Pulido"
"CTBM","CTBM0043743","CTBM004","-77.157796","3.929898","7/4/14 0:00","8/7/14 0:00","","","None","","None","","BM004","","Camera Functioning","Knee height","","Parallel","","Angélica Díaz-Pulido"
"CTBM","CTBM0053748","CTBM005","-77.178190","3.940118","7/2/14 0:00","8/4/14 0:00","","","None","","None","","BM005","","Camera Functioning","Knee height","","Parallel","","Angélica Díaz-Pulido"
"CTBM","CTBM0063780","CTBM006","-77.182954","3.938917","7/2/14 0:00","8/6/14 0:00","","","None","","None","","BM006","","Camera Functioning","Knee height","","Parallel","","Angélica Díaz-Pulido"
"CTBM","CTBM0073749","CTBM007","-77.191508","3.939667","7/2/14 0:00","8/6/14 0:00","","","None","","None","","BM007","","Camera Functioning","Knee height","","Parallel","","Angélica Díaz-Pulido"
"CTBM","CTBM0083741","CTBM008","-77.197865","3.946652","7/3/14 0:00","8/6/14 0:00","","","None","","None","","BM008","","Camera Functioning","Knee height","","Parallel","","Angélica Díaz-Pulido"
"CTBM","CTBM0093750","CTBM009","-77.194218","3.931407","7/3/14 0:00","8/6/14 0:00","","","None","","None","","BM009","","Camera Functioning","Knee height","","Parallel","","Angélica Díaz-Pulido"
"CTBM","CTBM0103747","CTBM010","-77.201081","3.935703","7/3/14 0:00","8/6/14 0:00","","","None","","None","","BM010","","Camera Functioning","Knee height","","Parallel","","Angélica Díaz-Pulido"
"CTBM","CTBM0113745","CTBM011","-77.218799","3.929706","7/3/14 0:00","8/6/14 0:00","","","None","","None","","BM011","","Camera Functioning","Knee height","","Parallel","","Angélica Díaz-Pulido"
"CTBM","CTBM0123742","CTBM012","-77.210288","3.929682","7/3/14 0:00","8/6/14 0:00","","","None","","None","","BM012","","Camera Functioning","Knee height","","Parallel","","Angélica Díaz-Pulido"
"CTBM","CTBM0133746","CTBM013","-77.168338","3.941422","7/4/14 0:00","8/7/14 0:00","","","None","","None","","BM013","","Camera Functioning","Knee height","","Parallel","","Angélica Díaz-Pulido"
"CTBM","CTBM0143744","CTBM014","-77.165587","3.949864","7/8/14 0:00","8/3/14 0:00","","","None","","None","","BM014","","Camera Functioning","Knee height","","Parallel","","Angélica Díaz-Pulido"
"CTBM","CTBM0153777","CTBM015","-77.205345","3.954146","7/6/14 0:00","8/7/14 0:00","","","None","","None","","BM015","","Camera Functioning","Knee height","","Parallel","","Angélica Díaz-Pulido"
"CTBM","CTBM0163776","CTBM016","-77.200208","3.961335","7/5/14 0:00","8/7/14 0:00","","","None","","None","","BM016","","Camera Functioning","Knee height","","Parallel","","Angélica Díaz-Pulido"
"CTBM","CTBM0173778","CTBM017","-77.190150","3.959853","7/5/14 0:00","8/6/14 0:00","","","None","","None","","BM017","","Camera Functioning","Knee height","","Parallel","","Angélica Díaz-Pulido"
"CTBM","CTBM0183782","CTBM018","-77.207030","3.970595","7/6/14 0:00","8/7/14 0:00","","","None","","None","","BM018","","Camera Functioning","Knee height","","Parallel","","Angélica Díaz-Pulido"
"CTBM","CTBM0193775","CTBM019","-77.269911","3.950933","7/6/14 0:00","8/6/14 0:00","","","None","","None","","BM019","","Camera Functioning","Knee height","","Parallel","","Angélica Díaz-Pulido"
"CTBM","CTBM0203772","CTBM020","-77.227707","3.966172","7/6/14 0:00","8/5/14 0:00","","","None","","None","","BM020","","Camera Functioning","Knee height","","Parallel","","Angélica Díaz-Pulido"
"CTMUT","CTMUT013750","CTMUT01","-76.501359","7.188410","2/20/15 0:00","4/14/15 0:00","","","None","","None","","MUT01","","Camera Functioning","Knee height","","Parallel","","Angélica Díaz-Pulido"
"CTMUT","CTMUT023745","CTMUT02","-76.497601","7.196913","2/21/15 0:00","4/14/15 0:00","","","None","","None","","MUT02","","Camera Functioning","Knee height","","Parallel","","Angélica Díaz-Pulido"
"CTMUT","CTMUT033746","CTMUT03","-76.497601","7.196913","2/20/15 0:00","4/14/15 0:00","","","None","","None","","MUT03","","Camera Functioning","Knee height","","Parallel","","Angélica Díaz-Pulido"
"CTMUT","CTMUT063775","CTMUT06","-76.485014","7.186396","2/21/15 0:00","4/14/15 0:00","","","None","","None","","MUT06","","Camera Functioning","Knee height","","Parallel","","Angélica Díaz-Pulido"
"CTMUT","CTMUT073748","CTMUT07","-76.486123","7.195455","2/22/15 0:00","4/14/15 0:00","","","None","","None","","MUT07","","Camera Functioning","Knee height","","Parallel","","Angélica Díaz-Pulido"
"CTMUT","CTMUT083777","CTMUT08","-76.491802","7.191528","2/21/15 0:00","4/14/15 0:00","","","None","","None","","MUT08","","Camera Functioning","Knee height","","Parallel","","Angélica Díaz-Pulido"
"CTMUT","CTMUT093741","CTMUT09","-76.501253","7.179443","2/22/15 0:00","4/22/15 0:00","","","None","","None","","MUT09","","Camera Functioning","Knee height","","Parallel","","Angélica Díaz-Pulido"
"CTMUT","CTMUT103782","CTMUT10","-76.502885","7.175211","2/22/15 0:00","4/22/15 0:00","","","None","","None","","MUT10","","Camera Functioning","Knee height","","Parallel","","Angélica Díaz-Pulido"
"CTMUT","CTMUT103783","CTMUT10","-76.502885","7.175211","2/22/15 0:00","4/22/15 0:00","","","None","","None","","MUT10","","Camera Functioning","Knee height","","Parallel","","Angélica Díaz-Pulido"
"CTMUT","CTMUT113744","CTMUT11","-76.502885","7.175211","2/25/15 0:00","4/22/15 0:00","","","None","","None","","MUT11","","Camera Functioning","Knee height","","Parallel","","Angélica Díaz-Pulido"
"CTMUT","CTMUT123747","CTMUT12","-76.502885","7.175211","2/22/15 0:00","3/18/15 0:00","","","None","","None","","MUT12","","Camera Functioning","Knee height","","Parallel","","Angélica Díaz-Pulido"
"CTMUT","CTMUT133772","CTMUT13","-76.502885","7.175211","2/23/15 0:00","4/22/15 0:00","","","None","","None","","MUT13","","Camera Functioning","Knee height","","Parallel","","Angélica Díaz-Pulido"
"CTMUT","CTMUT143778","CTMUT14","-76.502885","7.175211","2/23/15 0:00","4/20/15 0:00","","","None","","None","","MUT14","","Camera Functioning","Knee height","","Parallel","","Angélica Díaz-Pulido"
"CTMUT","CTMUT153743","CTMUT15","-76.502885","7.175211","2/23/15 0:00","4/22/15 0:00","","","None","","None","","MUT15","","Camera Functioning","Knee height","","Parallel","","Angélica Díaz-Pulido"
"CTMUT","CTMUT163776","CTMUT16","-76.493539","7.174368","2/25/15 0:00","4/14/15 0:00","","","None","","None","","MUT16","","Camera Functioning","Knee height","","Parallel","","Angélica Díaz-Pulido"
"CTMUT","CTMUT173749","CTMUT17","-76.487794","7.167202","2/25/15 0:00","4/7/15 0:00","","","None","","None","","MUT17","","Camera Functioning","Knee height","","Parallel","","Angélica Díaz-Pulido"
"CTMUT","CTMUT183779","CTMUT18","-76.484584","7.177629","2/25/15 0:00","4/14/15 0:00","","","None","","None","","MUT18","","Camera Functioning","Knee height","","Parallel","","Angélica Díaz-Pulido"
