"project_id","project_name","project_objectives","project_species","project_species_individual","project_sensor_layout","project_sensor_layout_targeted_type","project_bait_use","project_bait_type","project_stratification","project_stratification_type","project_sensor_method","project_individual_animals","project_blank_images","project_sensor_cluster","project_admin","project_admin_email","project_admin_organization","country_code","embargo","initiative_id","metadata_license","image_license"
"CTCAJ","Cajambre 2014","Identificar las especies de vertebrados terrestres asociadas a las implementaciones del proyecto Bioredd en el Pacífico colombiano","Multiple","","Systematic","","No","","No","","Sensor Detection","","No","No","Angélica Diaz-Pulido","adiaz@humboldt.org.co","Instituto Humboldt","COL",24,"","CC-BY","CC-BY-NC"
"CTPP","Pie de Pepe 2014","Identificar las especies de vertebrados terrestres asociadas a las implementaciones del proyecto Bioredd en el Pacífico colombiano","Multiple","","Systematic","","No","","No","","Sensor Detection","","No","No","Angélica Diaz-Pulido","adiaz@humboldt.org.co","Instituto Humboldt","COL",24,"","CC-BY","CC-BY-NC"
"CTBM","Bahía Málaga 2014","Identificar las especies de vertebrados terrestres asociadas a las implementaciones del proyecto Bioredd en el Pacífico colombiano","Multiple","","Systematic","","No","","No","","Sensor Detection","","No","No","Angélica Diaz-Pulido","adiaz@humboldt.org.co","Instituto Humboldt","COL",24,"","CC-BY","CC-BY-NC"
"CTMUT","Mutatá 2015","Identificar las especies de vertebrados terrestres asociadas a las implementaciones del proyecto Bioredd en el Pacífico colombiano","Multiple","","Systematic","","No","","No","","Sensor Detection","","No","No","Angélica Diaz-Pulido","adiaz@humboldt.org.co","Instituto Humboldt","COL",24,"","CC-BY","CC-BY-NC"
